{"metadata":{"asset_id":"ee44e438-311b-4fae-9d1f-310fe4f72051","asset_attributes":["data_asset","location_definition"],"name":"predictive_maintenance.csv","asset_type":"data_asset","created_at":"2025-07-30T17:39:57Z","origin_country":"us","owner_id":"IBMid-6910010IJK","project_id":"89071922-5c68-4ed5-b46a-4542dfbbe650","size":531014,"usage":{"last_update_time":1753897348876,"last_updated_at":"2025-07-30T17:42:28Z"}},"entity":{"data_asset":{"dataset":false,"mime_type":"text/csv"},"location_definition":{"physical_location_code":"SYD","physical_location_code_assigned_by":"IBMid-6910010IJK","physical_location_code_rds_id":"c57cb90f-2126-3800-9c9f-9eab82021cdf","physical_location_code_rds_version":"00002025-0722-4162-8656-475125000000_1","physical_location_code_assignment_method":"INFERRED","physical_location_code_added_on":"1753897249026"}},"attachments":[{"id":"dd859b14-681e-46db-bea8-99d77d6808b3","version":2,"asset_type":"data_asset","name":"predictive_maintenance.csv","mime":"text/csv","datasource_type":"193a97c1-4475-4a19-b90c-295c4fdc6517","object_key":"predictive_maintenance.csv","creator_id":"IBMid-6910010IJK","create_time":1753897249027,"size":531014,"is_remote":false,"is_managed":false,"is_referenced":true,"is_object_key_read_only":true,"is_user_provided_path_key":true,"transfer_complete":true,"is_partitioned":false,"complete_time_ticks":1753897249027,"user_data":{},"test_doc":0,"handle":{"bucket":"predictivemaintenance-donotdelete-pr-wg0dbg5cewxxyk","location":"au-syd","type":"bluemix_cos","key":"predictive_maintenance.csv","upload_id":"done","max_part_num":1},"usage":{"access_count":1,"last_accessor_id":"IBMid-6910010IJK","last_access_time":1753897348875,"last_updater_id":"IBMid-6910010IJK","last_update_time":1753897348875}}]}
