{"metadata":{"asset_id":"836daa61-e060-4720-92ef-db185f1e4f84","asset_attributes":["wml_model","location_definition"],"name":" P4 - Snap Random Forest Classifier: predict_maintenance","asset_type":"wml_model","created_at":"2025-07-30T19:18:49Z","origin_country":"au","owner_id":"IBMid-6910010IJK","project_id":"89071922-5c68-4ed5-b46a-4542dfbbe650","resource_key":"fa13f6a4-077a-4995-9d78-279f3a5b49b7","sandbox_id":"89071922-5c68-4ed5-b46a-4542dfbbe650","size":27348,"usage":{"last_update_time":1753903130728,"last_updated_at":"2025-07-30T19:18:50Z"}},"entity":{"wml_model":{"content_import_state":"completed","content_location":{"contents":[{"content_format":"pipeline-node","file_name":"P4_automl.zip","location":"auto_ml/46d277b8-4fe2-4acf-8c86-61ac382f03b3/wml_data/32e0cf33-4274-4097-9c2b-3bb27d4418cb/assets/32e0cf33-4274-4097-9c2b-3bb27d4418cb_P4_hpo_c_output/resources/wml_model/P4_automl.zip","pipeline_node_id":"automl"},{"content_format":"native","file_name":"pipeline_model.json","location":"auto_ml/46d277b8-4fe2-4acf-8c86-61ac382f03b3/wml_data/32e0cf33-4274-4097-9c2b-3bb27d4418cb/assets/32e0cf33-4274-4097-9c2b-3bb27d4418cb_P4_hpo_c_output/resources/wml_model/pipeline_model.json"}],"location":{"assets_path":"auto_ml/46d277b8-4fe2-4acf-8c86-61ac382f03b3/wml_data/32e0cf33-4274-4097-9c2b-3bb27d4418cb/assets","notebooks_path":"auto_ml/46d277b8-4fe2-4acf-8c86-61ac382f03b3/wml_data/32e0cf33-4274-4097-9c2b-3bb27d4418cb/notebooks","path":"auto_ml/46d277b8-4fe2-4acf-8c86-61ac382f03b3/wml_data","training":"auto_ml/46d277b8-4fe2-4acf-8c86-61ac382f03b3/wml_data/32e0cf33-4274-4097-9c2b-3bb27d4418cb","training_log":"auto_ml/46d277b8-4fe2-4acf-8c86-61ac382f03b3/wml_data/32e0cf33-4274-4097-9c2b-3bb27d4418cb/data/automl/training.log","training_status":"auto_ml/46d277b8-4fe2-4acf-8c86-61ac382f03b3/wml_data/32e0cf33-4274-4097-9c2b-3bb27d4418cb/training-status.json"},"type":"container"},"data_preprocessing":[{"input":{"columns":10,"rows":10000},"output":{"columns":10,"rows":10000},"props":{"type":"stratified"},"stage":"sampling"},{"input":{"columns":10,"rows":10000},"output":{"columns":10,"rows":10000},"props":{"duplicated_rows_count":0},"stage":"cleansing"}],"hybrid_pipeline_software_specs":[{"name":"autoai-kb_rt24.1-py3.11"}],"label_column":"Failure Type","metrics":[{"context":{"classes":["Heat Dissipation Failure","No Failure","Overstrain Failure","Power Failure","Random Failures","Tool Wear Failure"],"features_importance":[{"computation_type":"","features":{"NewFeature_2_pca_2":0.2123,"NewFeature_6_pca_6":0.3104,"New_Feature_0_NSFA":0.0878,"New_Feature_1_NSFA":0.1006,"Target":0.2889},"stage":"Mean"}],"incremental_training":{},"intermediate_model":{"composition_steps":["Split_TrainingHoldout","TrainingDataset_full_9000_7","Column Selection","Datetime_FE","TrainingDataset_full_9000_7","Preprocessor_default","DAUB","hpo_d","cognito","hpo_c"],"duration":89408,"location":{"model":"auto_ml/46d277b8-4fe2-4acf-8c86-61ac382f03b3/wml_data/32e0cf33-4274-4097-9c2b-3bb27d4418cb/data/automl/hpo_c_output/Pipeline1/model.pickle","pipeline":"auto_ml/46d277b8-4fe2-4acf-8c86-61ac382f03b3/wml_data/32e0cf33-4274-4097-9c2b-3bb27d4418cb/data/automl/hpo_c_output/Pipeline1/pipeline.json","pipeline_model":"auto_ml/46d277b8-4fe2-4acf-8c86-61ac382f03b3/wml_data/32e0cf33-4274-4097-9c2b-3bb27d4418cb/data/automl/hpo_c_output/Pipeline1/pipeline-model.json"},"name":"P4","notebook_location":"auto_ml/46d277b8-4fe2-4acf-8c86-61ac382f03b3/wml_data/32e0cf33-4274-4097-9c2b-3bb27d4418cb/data/automl/hpo_c_output/Pipeline1/notebook.ipynb","pipeline_nodes":["ColumnSelector","PreprocessingTransformer","autoai_libs.cognito.transforms.transform_utils.TAM","autoai_libs.cognito.transforms.transform_utils.FS1","autoai_libs.cognito.transforms.transform_utils.NSFA","SnapRandomForestClassifier"],"process":"hpo_c_output","schema_location":"auto_ml/46d277b8-4fe2-4acf-8c86-61ac382f03b3/wml_data/32e0cf33-4274-4097-9c2b-3bb27d4418cb/data/automl/hpo_c_output/Pipeline1/schema.json"},"multi_class_classification":{"one_vs_all_location":"auto_ml/46d277b8-4fe2-4acf-8c86-61ac382f03b3/wml_data/32e0cf33-4274-4097-9c2b-3bb27d4418cb/data/automl/hpo_c_output/Pipeline1/one_vs_all.json"},"phase":"hpo_c_output","prediction_type":"classification","target_column":"Failure Type"},"ml_metrics":{"holdout_accuracy":0.997,"holdout_f1_macro":0.8154203710469695,"holdout_f1_micro":0.997,"holdout_f1_weighted":0.9960066374375837,"holdout_neg_log_loss":-0.025127921052188015,"holdout_precision_macro":0.8144701060936841,"holdout_precision_micro":0.997,"holdout_precision_weighted":0.9951152476157648,"holdout_recall_macro":0.8181818181818182,"holdout_recall_micro":0.997,"holdout_recall_weighted":0.997,"training_accuracy":0.9951111111111111,"training_f1_macro":0.7737019679696858,"training_f1_micro":0.9951111111111111,"training_f1_weighted":0.9942391604203057,"training_neg_log_loss":-0.09374671977185382,"training_precision_macro":0.7843450772165835,"training_precision_micro":0.9951111111111111,"training_precision_weighted":0.9935838238748124,"training_recall_macro":0.7681318011641861,"training_recall_micro":0.9951111111111111,"training_recall_weighted":0.9951111111111111},"timestamp":"2025-07-30T17:49:15Z"}],"pipeline":{"id":"b0e0ce42-282a-42d9-9041-5ca4aa6e4c4e"},"schemas":{"input":[{"fields":[{"name":"UDI","nullable":false,"type":"double"},{"name":"Product ID","nullable":false,"type":"other"},{"name":"Type","nullable":false,"type":"other"},{"name":"Air temperature [K]","nullable":false,"type":"double"},{"name":"Process temperature [K]","nullable":false,"type":"double"},{"name":"Rotational speed [rpm]","nullable":false,"type":"double"},{"name":"Torque [Nm]","nullable":false,"type":"double"},{"name":"Tool wear [min]","nullable":false,"type":"double"},{"name":"Target","nullable":false,"type":"double"}],"id":"auto_ai_kb_input_schema"}],"output":[]},"software_spec":{"id":"8c1a58c6-62b5-4dc4-987a-df751c2756b6","name":"hybrid_0.1"},"training_data_references":[{"connection":{},"id":"predictive_maintenance.csv","location":{"href":"/v2/assets/ee44e438-311b-4fae-9d1f-310fe4f72051?project_id=89071922-5c68-4ed5-b46a-4542dfbbe650","id":"ee44e438-311b-4fae-9d1f-310fe4f72051","project_id":"89071922-5c68-4ed5-b46a-4542dfbbe650","userfs":"false"},"schema":{"fields":[{"name":"UDI","nullable":false,"type":"double"},{"name":"Product ID","nullable":false,"type":"other"},{"name":"Type","nullable":false,"type":"other"},{"name":"Air temperature [K]","nullable":false,"type":"double"},{"name":"Process temperature [K]","nullable":false,"type":"double"},{"name":"Rotational speed [rpm]","nullable":false,"type":"double"},{"name":"Torque [Nm]","nullable":false,"type":"double"},{"name":"Tool wear [min]","nullable":false,"type":"double"},{"name":"Target","nullable":false,"type":"double"},{"name":"Failure Type","nullable":false,"type":"other"}],"id":"auto_ai_kb_input_schema"},"type":"data_asset"}],"training_id":"32e0cf33-4274-4097-9c2b-3bb27d4418cb","type":"wml-hybrid_0.1","ml_version":"4.0.19"}},"attachments":[{"id":"48fd3c85-2ae1-493c-8dfa-3bb61907e437","version":2,"asset_type":"wml_model","name":"P4_automl.zip","datasource_type":"193a97c1-4475-4a19-b90c-295c4fdc6517","creator_id":"IBMid-6910010IJK","create_time":1753903129503,"size":25434,"is_remote":false,"is_managed":true,"is_referenced":false,"is_object_key_read_only":false,"is_user_provided_path_key":false,"transfer_complete":true,"is_partitioned":false,"complete_time_ticks":1753903130560,"user_data":{"content_format":"pipeline-node","pipeline_node_id":"automl"},"test_doc":0,"handle":{"bucket":"predictivemaintenance-donotdelete-pr-wg0dbg5cewxxyk","location":"au-syd","type":"bluemix_cos","key":"65aaa0b2-a990-48fa-92dc-f81f63a35511/836daa61-e060-4720-92ef-db185f1e4f84/48fd3c85-2ae1-493c-8dfa-3bb61907e437","upload_id":"done","max_part_num":1},"usage":{"access_count":1,"last_accessor_id":"IBMid-6910010IJK","last_access_time":1753903130560,"last_updater_id":"IBMid-6910010IJK","last_update_time":1753903130560}},{"id":"cd1a9f1b-ba26-4eb0-9b15-4429cf179110","version":2,"asset_type":"wml_model","name":"pipeline_model.json","datasource_type":"193a97c1-4475-4a19-b90c-295c4fdc6517","creator_id":"IBMid-6910010IJK","create_time":1753903129648,"size":1914,"is_remote":false,"is_managed":true,"is_referenced":false,"is_object_key_read_only":false,"is_user_provided_path_key":false,"transfer_complete":true,"is_partitioned":false,"complete_time_ticks":1753903130728,"user_data":{"content_format":"native"},"test_doc":0,"handle":{"bucket":"predictivemaintenance-donotdelete-pr-wg0dbg5cewxxyk","location":"au-syd","type":"bluemix_cos","key":"65aaa0b2-a990-48fa-92dc-f81f63a35511/836daa61-e060-4720-92ef-db185f1e4f84/cd1a9f1b-ba26-4eb0-9b15-4429cf179110","upload_id":"done","max_part_num":1},"usage":{"access_count":1,"last_accessor_id":"IBMid-6910010IJK","last_access_time":1753903130728,"last_updater_id":"IBMid-6910010IJK","last_update_time":1753903130728}}]}
